{
  "SlateId":"999999999",
  "SlateAppId":"999999999",
  "StudentType":"Graduate",
  "AcademicInterest1":"",
  "AcademicInterest2":"",
  "Program1":"",
  "Program2":"",
  "Program3":"",
  "Program4":"",
  "Program5":"",
  "GRTakingCourse":"",
  "GraduateInterest":"",
  "GRProgram1":"BIO-MS",
  "GRProgram2":"",
  "GREmphasis":"AQS",
  "GRAttribute":"",
  "GRAdvisor":"",
  "Semester":"Fall 2023",
  "ApplicationApplicationDegreeType":"",
  "ApplicationApplicationBestDescription":"",
  "ApplicationApplicationCurrentlyEnrolled":"",
  "ApplicationApplicationProgramFormat":"",
  "ApplicationEarlyAwarenessProgram":"",
  "ApplicationApplicationPartialTermStart":"",
  "ApplicationTotalCollegeCreditHours":"",
  "ApplicationScholarship":"",
  "ApplicationCharterScholarship":"",
  "ApplicationUprepScholarship":"",
  "ApplicationRecalculatedHSGPA":"",
  "ApplicationRecalculatedCollegeGPA":"",
  "ApplicationCumulativeGraduateGPA":"",
  "ApplicationCumulativeUndergraduateGPA":"",
  "ApplicationLast60GPA":"",
  "ApplicationFelonyHistory":0,
  "ApplicationAppBadgesAndCertificates":"",
  "ApplicationSubmittedDate":"7/25/2022",
  "PaymentActivitiesStatus":"Waived",
  "PaymentActivitiesDate":"7/25/2022"
}