{
  "SlateId":"524798182",
  "SSN":"",
  "Email":"Hoightytoighty@gvsu.edu",
  "Phone":"+1 616-212-3222",
  "Mobile":"+1 616-212-3111",
  "First":"Hoighty",
  "Middle":"",
  "Last":"Toighty",
  "FormerLast1":"Silly",
  "FormerLast2":"TIlly",
  "FormerLast3":"Tootie",
  "FormerLast4":"",
  "Birthdate":"1960-08-13",
  "Visa":"F1 - I  will need or have an F1 Student Visa (I-20 application)",
  "VisaNumber":"1212121212",
  "Sex":"F",
  "Race":"American Indian or Alaska Native, Asian, Black or African American, Native Hawaiian or Other Pacific, White",
  "CitizenshipStatus":"FN",
  "BirthCountry":"South Korea",
  "Citizenship1":"Austria",
  "Citizenship2":"",
  "PermanentResident":0,
  "Hispanic":0,
  "FirstGneration":"Y",
  "MilitaryService":"Veteran of US Armed Forces",
  "StateOfResidence":"",
  "CountyOfResidence":"",
  "ResidencyLength":"",
  "CCPRDate":"2022-07-26",
  "CBCLH":"",
  "CBCLN":"",
  "FamilyAlumn" : "Y",
  "Semester" : "Fall 2023",
  "StudyAbroad" : "Y"
}