{
  "SlateId":"999999999",
  "SlateAppId":"999999999",
  "RelationFirstName":"LaNorma",
  "RelationLastName":"Sams",
  "RelationCategory":"Parent",
  "RelationType":"Mother",
  "RelationEmail":"example@gmail.com",
  "RelationSameAddress":"Yes",
  "RelationAddressbyRankOverallStreet1":"",
  "RelationAddressbyRankOverallStreet2":"",
  "RelationAddressbyRankOverallStreet3":"",
  "RelationAddressbyRankOverallCity":"",
  "RelationAddressbyRankOverallRegion":"",
  "RelationAddressbyRankOverallPostal":"",
  "RelationAddressbyRankOverallCountry":"",
  "RelationPhone":"+1 999-999-9999",
  "Alumn":""
}